{"cameraMode":{"drawMode":0,"name":"Shaded","section":"Shading Mode"},"sceneLighting":true,"audioPlay":false,"sceneViewState":{"m_AlwaysRefresh":false,"showFog":true,"showSkybox":true,"showFlares":true,"showImageEffects":true,"showParticleSystems":true,"showVisualEffectGraphs":true,"m_FxEnabled":true},"in2DMode":false,"pivot":{"x":5.4928412437438969,"y":-0.9896994233131409,"z":-9.102991104125977},"rotation":{"x":0.023622656241059305,"y":0.9738888144493103,"z":-0.12253408133983612,"w":0.18973705172538758},"size":1.912598729133606,"orthographic":false}