{"cameraMode":{"drawMode":0,"name":"Shaded","section":"Shading Mode"},"sceneLighting":false,"audioPlay":false,"sceneViewState":{"m_AlwaysRefresh":false,"showFog":true,"showSkybox":false,"showFlares":true,"showImageEffects":true,"showParticleSystems":true,"showVisualEffectGraphs":true,"m_FxEnabled":true},"in2DMode":false,"pivot":{"x":-0.28817689418792727,"y":-0.16644227504730225,"z":-0.056544214487075809},"rotation":{"x":-0.28342944383621218,"y":0.6928238868713379,"z":-0.34785234928131106,"w":-0.5645114183425903},"size":0.8485870957374573,"orthographic":false}